"playername","id"
"abdulla m",1
"abel m",2
"acasuso j",3
"adaktusson j",4
"agaev e",5
"agassi a",6
"agenor r",7
"ager j",8
"agostinelli b",9
"aguilar j",10
"ahouda a",11
"al alawi s k",12
"al ghareeb m",13
"al khulaifi n g",14
"al mutawa j",15
"alami k",16
"albert m",17
"albot r",18
"alcaide g",19
"aldi f",20
"ali mutawa j m",21
"allegro y",22
"almagro n",23
"alonso j",24
"altamirano c",25
"alund m",26
"alvarez e",27
"alves t",28
"amritraj p",29
"ancic i",30
"ancic m",31
"andersen j",32
"andersen j f",33
"anderson a",34
"anderson k",35
"anderson o",36
"andersson h",37
"andreev i",38
"andreozzi g",39
"androic t",40
"andujar p",41
"aranguren j m",42
"arazi h",43
"arguello f",44
"armando h",45
"arnaboldi a",46
"arnold l",47
"arquez p",48
"arthurs w",49
"artunedo martinavarro a",50
"arvidsson i",51
"ascione a",52
"ascione t",53
"auckland j",54
"authom m",55
"awadhy o",56
"ayala d",57
"azzaro l",58
"baccanello p",59
"bachelot j f",60
"bachinger m",61
"baghdatis m",62
"bagnis f",63
"bahrouzyan o",64
"bai y",65
"baker b",66
"baker j",67
"balazs a",68
"balcells j",69
"ball c",70
"balleret b",71
"baluda v",72
"barrere g",73
"barrientos n",74
"barton m",75
"basic m",76
"basilashvili n",77
"bastl g",78
"bautista agut r",79
"bautista r",80
"beck a",81
"beck k",82
"becker b",83
"bedene a",84
"behr n",85
"behrend t",86
"behrmann m",87
"belal c",88
"belic l",89
"bellier a",90
"bellucci t",91
"belyaev i",92
"bemelmans r",93
"benneteau a",94
"benneteau j",95
"berankis r",96
"berasategui a",97
"berdych t",98
"berlocq c",99
"berrer m",100
"berta d",101
"bester p",102
"betov s",103
"bhambri y",104
"bhupathi m",105
"biryukov m",106
"bjorkman j",107
"black b",108
"black w",109
"blake j",110
"blake t",111
"blanco g",112
"bloomfield r",113
"boeker m",114
"bogaerts r",115
"bogdanovic a",116
"bogomolov a",117
"bogomolov jr  a",118
"bogomolov jr a",119
"bohaboy d",120
"bohane a",121
"bohli s",122
"bolelli s",123
"bolt a",124
"bopanna r",125
"boruszewski j",126
"borvanov r",127
"bossel a",128
"bourgeois l",129
"bourgue m",130
"boutter j",131
"bower j",132
"bowles c",133
"bozic i",134
"bozoljac i",135
"braasch k",136
"bracciali d",137
"braga p",138
"brands d",139
"brasington j",140
"breen m",141
"britton d",142
"brizzi a",143
"broady l",144
"brown d",145
"browne f",146
"bruguera s",147
"brugues davi a",148
"bryan b",149
"bryan m",150
"brzezicki j p",151
"bubka s",152
"bublik a",153
"buchanan c",154
"burgsmuller l",155
"burniol g",156
"burquier g",157
"burrieza o",158
"cabal j s",159
"cabello f",160
"cachin p",161
"cacic n",162
"cadart r",163
"cakl t",164
"calatrava a",165
"caldwell d",166
"calleri a",167
"canas g",168
"capalik k",169
"capdeville p",170
"caratti c",171
"carballes baena r",172
"carlsen k",173
"carlson a",174
"carraz g",175
"carreno busta p",176
"carretero r",177
"caruso s",178
"cecchinato m",179
"cermak f",180
"cervantes i",181
"cervenak p",182
"chadaj a",183
"chaen t",184
"chaki r",185
"chang m",186
"chardy j",187
"charpentier m",188
"chela j",189
"chela j i",190
"chen t",191
"cherkasov a",192
"childs l",193
"chiudinelli m",194
"choinski j",195
"chung h",196
"chvojka e",197
"cilic m",198
"ciorcila p",199
"cipolla f",200
"clavet f",201
"clayton a",202
"clemens t",203
"clement a",204
"clezar g",205
"cobolli s",206
"coetzee j",207
"condor f",208
"cook l",209
"copil m",210
"coppejans k",211
"coria g",212
"coric b",213
"corretja a",214
"corrie e",215
"cortes j",216
"costa a",217
"costa f",218
"courier j",219
"coutelot n",220
"couto e",221
"cowan b",222
"cox d",223
"crabb j",224
"craca m",225
"crivoi v",226
"cruciat a",227
"crugnola m",228
"cuadrado c",229
"cuevas p",230
"dabrowski b",231
"dabul b",232
"dailey z",233
"damm m",234
"dancevic f",235
"daniel m",236
"daniel t",237
"darcis s",238
"dasnieres de veigy j",239
"davletshin v",240
"davydenko n",241
"davydenko p",242
"de bakker t",243
"de chaunac s",244
"de greef a",245
"de heart r",246
"de loore j",247
"de paula f",248
"de schepper k",249
"de voest r",250
"decoud s",251
"deen heshaam a",252
"deheart r",253
"del bonis f",254
"del potro j",255
"del potro j m",256
"delbonis f",257
"delfino m",258
"delgado j",259
"delgado r",260
"delic a",261
"delic m",262
"dell acqua m",263
"demoliner m",264
"dent t",265
"derepasko a",266
"desein n",267
"dev varman s",268
"devilder n",269
"devvarman s",270
"dewulf f",271
"di mauro a",272
"di pasquale a",273
"diaz j",274
"diez s",275
"dimitrov g",276
"djere l",277
"djokovic m",278
"djokovic n",279
"dlouhy l",280
"do m q",281
"dodig i",282
"dolgopolov a",283
"dolgopolov o",284
"donaldson j",285
"donati m",286
"donskoy e",287
"dorsch b",288
"dosedel s",289
"draper s",290
"dreekmann h",291
"duckworth j",292
"duclos p l",293
"dupre t",294
"dupuis a",295
"durek r",296
"dustov f",297
"dutra da silva r",298
"dutra silva r",299
"dzumhur d",300
"eagle j",301
"eaton c",302
"ebden m",303
"ebelthite c",304
"echagaray b",305
"economidis k",306
"edmund k",307
"ehrat s",308
"eitzinger r",309
"el aarej m",310
"el amrani r",311
"el aynaoui y",312
"eleskovic e",313
"elgin m",314
"elias g",315
"ellwood b",316
"elseneer g",317
"elsner d",318
"emmrich m",319
"enqvist t",320
"eriksson m",321
"erlich j",322
"eschauer w",323
"escobar g",324
"escobedo e",325
"escude n",326
"estrella burgos v",327
"estrella v",328
"etlis g",329
"eubanks c",330
"evans b",331
"evans d",332
"eysseric j",333
"fabbiano t",334
"fahlke a",335
"falla a",336
"farah r",337
"fasching a",338
"faurel j c",339
"federer r",340
"ferreira w",341
"ferreiro f",342
"ferrer d",343
"ferrero j",344
"ferrero j c",345
"fidirko n",346
"filippini m",347
"fischer m",348
"fish a",349
"fish m",350
"fitz s",351
"flanagan i",352
"fleischfresser t",353
"fleishman z",354
"fleming c",355
"flygt k",356
"fnisk",357
"fognini f",358
"fogues f",359
"fornell m",360
"fraile g",361
"fratangelo b",362
"freelove o",363
"friedl l",364
"fritz t",365
"froberg j",366
"fromberg r",367
"fruttero j p",368
"fucsovics m",369
"fukarek o",370
"furlan r",371
"fyrstenberg m",372
"gabashvili t",373
"gaio f",374
"galan d e",375
"galdon p",376
"galimberti g",377
"gallardo m",378
"gallardo valles m",379
"galovic v",380
"galvani s",381
"gambill j  m",382
"gambill j m",383
"gamonal h",384
"gao x",385
"garcia a",386
"garcia lopez g",387
"garcia m",388
"garcia sintes j",389
"gard c",390
"garin c",391
"garza d",392
"gasquet r",393
"gaudenzi a",394
"gaudi i",395
"gaudio g",396
"gensse a",397
"gerasimov e",398
"ghedin r",399
"ghem a",400
"giannessi a",401
"gicquel m",402
"gigounon g",403
"gil f",404
"gimelstob j",405
"gimeno d",406
"gimeno traver d",407
"ginepri r",408
"giner j",409
"giraldo s",410
"giron m",411
"giustino l",412
"godwin n",413
"goellner m k",414
"goffin d",415
"gojowczyk p",416
"golding o",417
"goldstein p",418
"golmard j",419
"golovanov d",420
"golubev a",421
"gombos n",422
"gomez a",423
"gomez e",424
"gomez herrera c",425
"gomez l",426
"gong m x",427
"gonzalez a",428
"gonzalez f",429
"gonzalez m",430
"gonzalez p",431
"gonzalez s",432
"goodall j",433
"gooding j",434
"goransson t",435
"granollers g",436
"granollers m",437
"granollers pujol g",438
"granollers pujol m",439
"gregorc l",440
"gremelmayr d",441
"greul s",442
"grigelis l",443
"grosjean s",444
"gross o",445
"groth s",446
"gruber k",447
"guardiola t",448
"guccione a",449
"guccione c",450
"guez d",451
"gulbis e",452
"gumy h",453
"gustafsson m",454
"gutierrez ferrol s",455
"guzman j",456
"guzman j p",457
"haas p",458
"haas t",459
"haase r",460
"hadad a",461
"hadad m",462
"haehnel j",463
"haider mauer a",464
"haider maurer a",465
"hajek j",466
"haji a",467
"hajji a",468
"halys q",469
"hamou m",470
"hanescu v",471
"hank t",472
"hanley p",473
"hantschek m",474
"hantschk m",475
"harboe p",476
"harper griffith l",477
"harrison c",478
"harrison r",479
"harsanyi p",480
"hartfield d",481
"healey n",482
"hellstrom m",483
"hemery c",484
"hemmes f",485
"henman t",486
"henry r",487
"herbert p h",488
"herm zahlava j",489
"hernandez a",490
"hernandez o",491
"hernych j",492
"heuberger i",493
"hewitt l",494
"hill m",495
"hilton m",496
"hipfl m",497
"hippensteel k",498
"hirigoyen i",499
"hocevar r",500
"hood m",501
"hormazabal g",502
"horna l",503
"hossam k",504
"hrbaty d",505
"huet s",506
"hui j",507
"humphries s",508
"huta galung j",509
"hutchins r",510
"ianni s",511
"idmbarek y",512
"ignatik u",513
"ilhan m",514
"ilie a",515
"ilkel c",516
"im k t",517
"inglot d",518
"ionita v",519
"ishii y",520
"isner j",521
"istomin d",522
"ito t",523
"ito y",524
"ittogi t",525
"ivanisevic g",526
"ivanov smolensky k",527
"ivashka i",528
"iwabuchi s",529
"iwami t",530
"janowicz j",531
"jarry n",532
"jasika o",533
"jaziri m",534
"jeanpierre j",535
"jelenic p",536
"jenkins s",537
"jensen l",538
"jeong s y",539
"jiang s",540
"johansson j",541
"johansson t",542
"johnson s",543
"jones a",544
"jones g",545
"jones g d",546
"jonsson f",547
"jouan r",548
"joyce m",549
"jun w",550
"jun w s",551
"junaid r",552
"junqueira d",553
"kafelnikov y",554
"kamke t",555
"karanusic r",556
"karatsev a",557
"karbacher b",558
"karlovic i",559
"kauffmann c",560
"kavcic b",561
"kempes e",562
"kendrick r",563
"kennedy a",564
"kern r",565
"ketola t",566
"khachanov k",567
"khaddari h",568
"khalfan s",569
"kicker n",570
"kiefer n",571
"kilderry p",572
"kim a",573
"kim k",574
"kimmich m",575
"kindlmann d",576
"king d",577
"king e",578
"king k",579
"king p",580
"king turner d",581
"kirillov e",582
"klaasen r",583
"klahn b",584
"klec i",585
"klein b",586
"klein t",587
"klizan m",588
"kloer s",589
"knippschild j",590
"knittel b",591
"knowle j",592
"knowles m",593
"koderisch c",594
"koellerer d",595
"koenig r",596
"kohlmann m",597
"kohlschreiber p",598
"kokkinakis t",599
"koll h",600
"kondo h",601
"koning m",602
"kontinen h",603
"kornienko i",604
"korolev e",605
"korteling s",606
"kosakowski d",607
"koubek s",608
"kovalik j",609
"kozlov s",610
"krajan z",611
"krajicek a",612
"krajicek r",613
"krajinovic f",614
"kralert p",615
"kratochvil m",616
"kravchuk k",617
"krawietz k",618
"kroslak j",619
"krstin p",620
"krueger m",621
"kubler j",622
"kubot l",623
"kucera k",624
"kucera v",625
"kudla d",626
"kudryavtsev a",627
"kuerten g",628
"kukushkin m",629
"kulti n",630
"kumantsov a",631
"kumar s",632
"kunitcin i",633
"kunitsyn i",634
"kutac r",635
"kutrovsky d",636
"kutsenko v",637
"kuzmanov d",638
"kuznetsov a",639
"kuznetsov al",640
"kuznetsov an",641
"kyrgios n",642
"laaksonen h",643
"labadze i",644
"lacko l",645
"lajola d",646
"lajovic d",647
"lama g",648
"lamasine t",649
"lammer m",650
"landsberg j",651
"langer n",652
"lapentti g",653
"lapentti n",654
"lareau s",655
"larkham t",656
"larose s",657
"larsson m",658
"lazov a",659
"ledovskikh m",660
"lee h t",661
"lee m",662
"lemke j",663
"lestienne c",664
"levine i",665
"levine j",666
"levinsky j",667
"levy h",668
"li z",669
"lindahl n",670
"lindell c",671
"linzer m",672
"lipsky s",673
"lisnard j",674
"lisnard j r",675
"liukko v",676
"ljubicic i",677
"llodra m",678
"logtens p",679
"lojda d",680
"lokoli l",681
"londero j i",682
"lopes h",683
"lopez f",684
"lopez jaen m a",685
"lopez m",686
"lopez moron a",687
"lopez perez e",688
"lorenzi p",689
"lu h",690
"lu y",691
"lu y h",692
"luczak a",693
"luczak p",694
"lukaev r",695
"luncanu p a",696
"luque d",697
"luxa p",698
"luzzi f",699
"maamoun k",700
"machado r",701
"mackin a",702
"maclagan m",703
"macphie b",704
"maden y",705
"mahut n",706
"malcor o",707
"malisse x",708
"mamiit c",709
"mankad h",710
"mannarino a",711
"manta l",712
"mantilla f",713
"marach o",714
"marcaccio g",715
"marcan d",716
"march o",717
"marchenko i",718
"marin j a",719
"marin l",720
"marques n",721
"marrai m",722
"marray j",723
"marrero d",724
"martelli m",725
"marterer m",726
"marti j",727
"marti y",728
"martin a",729
"martin d",730
"martin f",731
"martin t",732
"massa e",733
"massu n",734
"mathieu p",735
"mathieu p h",736
"matias n",737
"matkowski m",738
"matos gil i",739
"matosevic m",740
"matsui t",741
"matsukevitch d",742
"mayer f",743
"mayer l",744
"mazarakis v",745
"mcclune m",746
"mcdonald m",747
"mcgee j",748
"mecir m",749
"medvedev a",750
"medvedev d",751
"meffert d",752
"meister n",753
"mektic n",754
"meligeni f",755
"mello r",756
"melo d",757
"melzer g",758
"melzer j",759
"menendez maceiras a",760
"mergea f",761
"mertens y",762
"mertinak m",763
"mertl j",764
"mesaros k",765
"michon a",766
"middelkoop m",767
"miedler l",768
"miketa d",769
"milligan l",770
"millman j",771
"millot v",772
"milojevic n",773
"mina g",774
"minar i",775
"minar j",776
"miranda i",777
"mirnegg m",778
"mirnyi m",779
"mitchell b",780
"miyao j",781
"mlynarik z",782
"mmoh m",783
"moeller m",784
"moldovan i",785
"molteni a",786
"monaco j",787
"monfils g",788
"montanes a",789
"montcourt m",790
"monteiro t",791
"moodie w",792
"mor l",793
"moraru g",794
"moretti h",795
"moriya h",796
"morrison j",797
"moser f",798
"mota b",799
"motomura g",800
"moya c",801
"moyano d",802
"muller g",803
"munar j",804
"munoz de la nava d",805
"murray a",806
"muster t",807
"mutis o",808
"myneni s",809
"nadal parera r",810
"nadal r",811
"nader m",812
"nalbandian d",813
"nam h w",814
"nargiso d",815
"naso g",816
"navarra m",817
"navarro pastor i",818
"navarro s",819
"nedelko i",820
"nedovyesov a",821
"nedovyesov o",822
"nedunchezhiyan j",823
"nestor d",824
"neumuller i",825
"nielsen f",826
"nielsen m",827
"niemeyer f",828
"nieminen j",829
"nijaki r",830
"niki t",831
"nikles j",832
"niland c",833
"nishikori k",834
"nishioka y",835
"norby r",836
"norman d",837
"norman m",838
"novak d",839
"novak j",840
"novikov d",841
"nunez e",842
"o brien a",843
"o neal j",844
"odesnik w",845
"ogorodov o",846
"okun n",847
"olaso g",848
"olejniczak d",849
"olguin l",850
"olivetti a",851
"olivo r",852
"oncins j",853
"ondruska m",854
"onoda m",855
"opelka r",856
"ortega olmedo r",857
"ortegren j",858
"oswald p",859
"ouahab l",860
"ouahabi t",861
"ouanna j",862
"oudsema s",863
"ouyang b",864
"paes l",865
"paire b",866
"palmer j",867
"panfil g",868
"parada f",869
"parmar a",870
"pasha n",871
"pashanski b",872
"patience o",873
"patino l",874
"patriarca d",875
"paul t",876
"pavel a",877
"pavic a",878
"pavic m",879
"pavlasek a",880
"pedroso a",881
"peliwo f",882
"pella g",883
"peppas s",884
"peralta j",885
"perez d",886
"peric t",887
"perry t",888
"pescariu d",889
"peschek d",890
"pescosolido s",891
"petrovic d",892
"petzschner p",893
"peya a",894
"pfeiffer k",895
"phau b",896
"philippoussis m",897
"phillips t",898
"piccari f",899
"pioline c",900
"pless k",901
"podlipnik h",902
"poerschke l",903
"polansky p",904
"popp a",905
"popp t",906
"portas a",907
"pospisil j",908
"pospisil v",909
"pouille l",910
"pozzi g",911
"prashanth v",912
"pretzsch a",913
"prieto s",914
"prinosil d",915
"prodon e",916
"prpic a",917
"prpic f",918
"przysiezny m",919
"puentes g",920
"puerta m",921
"puetz t",922
"querrey s",923
"querry s",924
"quigley e",925
"quintero m",926
"qureshi a",927
"qureshi a u h",928
"rachidi y",929
"radic m",930
"rafter p",931
"raja p",932
"ram a",933
"ram r",934
"ramanathan r",935
"ramirez c",936
"ramirez hidalgo r",937
"ramos a",938
"ramos vinolas a",939
"raonic m",940
"raoux g",941
"rascon t",942
"rastogi k",943
"ratiwatana s",944
"rea s",945
"recouderc l",946
"rehnquist b",947
"reichel a",948
"reid m",949
"reid t",950
"reister j",951
"reix c",952
"renavand n",953
"reneberg r",954
"rettenmaier t",955
"reyes varela m a",956
"reynolds b",957
"riba madrid p",958
"riba p",959
"rieschick s",960
"rios f",961
"rios m",962
"robert s",963
"robredo r",964
"robredo t",965
"rocha d",966
"rochus c",967
"rochus o",968
"roddick a",969
"rodrigues m",970
"rodriguez b",971
"rodriguez m",972
"roger vasselin e",973
"roitman s",974
"rola b",975
"romboli f",976
"rosenholm p",977
"roshardt r",978
"rosol l",979
"rosset m",980
"roux l",981
"rubin n",982
"rublev a",983
"ruevski p",984
"rufin g",985
"rusedski g",986
"russell m",987
"ruud c",988
"ryderstedt m",989
"sa a",990
"saavedra corvalan c",991
"sabau r",992
"sabry s",993
"sadecky a",994
"safin m",995
"safwat m",996
"salamanca c",997
"salva b",998
"salzenstein j",999
"samper montana j",1000
"sampras p",1001
"sanchez d",1002
"sanchez de luna j",1003
"sanchez de luna j a",1004
"sanchez j",1005
"sanchez m",1006
"sandbichler a",1007
"sanguinetti d",1008
"santillan a",1009
"santopadre v",1010
"santoro f",1011
"saoudi s",1012
"saretta f",1013
"sargsian s",1014
"sarkissian a",1015
"sarstrand m",1016
"satral j",1017
"saulnier c",1018
"saville l",1019
"savolt a",1020
"schalken s",1021
"scherrer j c",1022
"schiessling t",1023
"schnur b",1024
"scholtz n",1025
"schoorel t",1026
"schranz w",1027
"schuettler p",1028
"schuettler r",1029
"schukin y",1030
"schwank e",1031
"schwartzman d",1032
"sekulic m",1033
"sekulov j",1034
"sela d",1035
"sell m",1036
"seppi a",1037
"serdarusic n",1038
"sergeyev i",1039
"serra f",1040
"serrano o",1041
"setkic a",1042
"settergren j",1043
"shane r",1044
"shapovalov d",1045
"sherwood d",1046
"shimada t",1047
"shvec a",1048
"shyla y",1049
"si y m",1050
"sidorenko a",1051
"siemerink j",1052
"sijsling i",1053
"silva d",1054
"silva f",1055
"silva j",1056
"simmonds p",1057
"simon g",1058
"simoni a",1059
"simonsson f",1060
"singh n",1061
"singh s",1062
"sirianni j",1063
"siriluethaiwattana p",1064
"sitak a",1065
"skoch d",1066
"skugor f",1067
"slabinsky a",1068
"slanar m",1069
"sluiter r",1070
"smeets r",1071
"smethurst d",1072
"smit j",1073
"smith a",1074
"smith j p",1075
"smith l",1076
"smyczek t",1077
"snobel p",1078
"sock j",1079
"soderling r",1080
"soderlund c",1081
"soeda g",1082
"sonego l",1083
"sorensen l",1084
"sousa j",1085
"sousa p",1086
"sousa t",1087
"souza j",1088
"spadea v",1089
"spottl m",1090
"spracklin t",1091
"squillari f",1092
"srichaphan n",1093
"srichaphan p",1094
"stadler s",1095
"stafford g",1096
"stakhovsky s",1097
"stanoytchev o",1098
"starace p",1099
"stark j",1100
"statham j",1101
"statham r",1102
"stebe c m",1103
"steckley r",1104
"stepanek m",1105
"stepanek r",1106
"stoliarov a",1107
"stoltenberg j",1108
"stoppini a",1109
"strode b",1110
"struff j l",1111
"struvay e",1112
"sugita y",1113
"sultan khalfan a",1114
"summerer t",1115
"sun p",1116
"suzuki t",1117
"svarc l",1118
"sweeting r",1119
"syed f",1120
"szymanski j",1121
"tabara m",1122
"tahiri m",1123
"taino e",1124
"takeuchi k",1125
"tarallo s",1126
"tarango j",1127
"tavares l",1128
"tearney f",1129
"tebbutt m",1130
"tecau h",1131
"teixeira m",1132
"tenconi t",1133
"terachi t",1134
"thiem d",1135
"thomann n",1136
"thomas j",1137
"thompson c",1138
"thompson j",1139
"thron a",1140
"tiafoe f",1141
"tieleman l",1142
"tiilikainen k",1143
"tillstrom m",1144
"timfjord n",1145
"tipsarevic j",1146
"tkalec m",1147
"tobon m",1148
"todero n",1149
"tomashevich d",1150
"tomic b",1151
"tong m",1152
"topic j",1153
"torebko p",1154
"tramacchi p",1155
"travaglia s",1156
"traykov i",1157
"trevisan m",1158
"trifu g",1159
"trimmel c",1160
"trinker b",1161
"troicki v",1162
"trongcharoenchaikul w",1163
"trujillo g",1164
"trungelliti m",1165
"trusendi w",1166
"tsonga j w",1167
"tuksar s",1168
"tursunov d",1169
"tveit e",1170
"uchiyama y",1171
"udomchoke d",1172
"uebel l",1173
"ulihrach b",1174
"ullyett k",1175
"ungur a",1176
"uppal v",1177
"urban f",1178
"vacek d",1179
"vacek j",1180
"vagnozzi s",1181
"vahaly b",1182
"vaisse m",1183
"vajda i",1184
"valent r",1185
"van d  merwe i",1186
"van der dium a",1187
"van der meer n",1188
"van der merwe i",1189
"van gemerden m",1190
"van lottum j",1191
"van rijthoven t",1192
"van scheppingen d",1193
"vanek j",1194
"vanni l",1195
"vardhan v",1196
"varlet j",1197
"vasek r",1198
"vasilevski a",1199
"vassallo arguello m",1200
"vega hernandez d",1201
"veger f",1202
"veic a",1203
"velotti a",1204
"vemic d",1205
"ventura s",1206
"venus m",1207
"verdasco f",1208
"verdasco m",1209
"verkerk m",1210
"veronelli d",1211
"vesely j",1212
"vicente f",1213
"vicente m",1214
"vico u",1215
"vik r",1216
"viloca j a",1217
"vinciguerra a",1218
"vinck c",1219
"viola m",1220
"viola mat",1221
"vlasov d",1222
"vliegen k",1223
"voinea a",1224
"volandri f",1225
"voltchkov v",1226
"vovk s",1227
"wachiramanowong k",1228
"wagh a",1229
"walter l",1230
"wang c",1231
"wang j",1232
"wang y",1233
"wang y  jr",1234
"wang y jr",1235
"wang y t",1236
"warburg s",1237
"ward a",1238
"ward j",1239
"washington m",1240
"waske a",1241
"wassen r",1242
"wawrinka s",1243
"weiner g",1244
"weintraub a",1245
"weinzierl j",1246
"wessels l",1247
"wessels p",1248
"westerhof b",1249
"wheaton d",1250
"whitehouse w",1251
"whittington a",1252
"widom t",1253
"willems r",1254
"williams r",1255
"willis m",1256
"willman d",1257
"wilson b",1258
"wiltschnig h",1259
"witt a",1260
"witten j",1261
"wolmarans f",1262
"woodbridge t",1263
"woodforde m",1264
"woodruff c",1265
"wu d",1266
"xu j c",1267
"yang t h",1268
"yani m",1269
"yim r",1270
"ymer e",1271
"ymer m",1272
"yoo d",1273
"yoon y",1274
"young d",1275
"youzhny a",1276
"youzhny m",1277
"yu x y",1278
"zabaleta m",1279
"zampieri c",1280
"zayed m  s",1281
"zayed m s",1282
"zayid m  s",1283
"zeballos h",1284
"zemlja g",1285
"zeng s x",1286
"zhang y",1287
"zhang z",1288
"zhang ze",1289
"zhang zh",1290
"zhu b q",1291
"ziadi m",1292
"zib t",1293
"zimonjic n",1294
"zitko r",1295
"zlatanovic a",1296
"zopp j",1297
"zovko l",1298
"zverev a",1299
"zverev m",1300
